k_anonymity,l_diversity,t_closeness,epsilon,delta,budget,k_map,k_map_estimator,k_map_significance,delta_presence_lower,delta_presence_upper,profitability_attacker_model,average_reid_risk_threshold,pop_uniqueness_threshold,pop_uniqueness_model,sample_uniqueness_threshold,generalization_level,masking_strength,perturbation_amount,dataset_name
24,11,1.3398236536695425e-09,0.1,1e-07,187086.41626963118,14,Poisson,0.05,0.8517578738097729,-1.8781066070808152,prosecutor,0.5,0.2,Zayatz,0.3,0.03648709359663307,0.06531063643854912,0.12362129947528337,adult
25,146,1.8187235193685387e-06,0.1,1e-07,337912.79897503724,16,Poisson,0.05,0.8819937573156457,-1.9378490034847253,prosecutor,0.23468144248071773,0.2,Zayatz,0.3,0.036936922838705734,0.0035025650633295634,0.11849277334987782,bank
11,3,0.378723014926466,0.1,3.3489797668038406e-07,inf,9,Poisson,0.05,1.0,-0.7086612103108061,prosecutor,-131.45300133637173,0.2,Zayatz,0.3,0.09173212581666096,-2.305159975244155,0.18690112492990268,car
14,5,2.877836362456146e-05,0.1,1e-07,inf,5,Poisson,0.05,1.0,-5.793760879510564,prosecutor,0.5,0.1471938765192516,Zayatz,0.3,0.05005968307416238,-21.93700445051566,0.1054492506187574,diabetes
16,16,0.0013648553670647884,0.1271326240434569,1.1569233975440248e-05,2010.139534883721,12,Poisson,0.05,0.8724035608308605,-1.2032979511990178,prosecutor,-2.951859375771895,0.2,Zayatz,0.3,0.05303527607804954,0.03834431027571717,0.14135195035024986,heart+disease
20,5,0.2652361157229796,0.1,1e-07,34554.64712041885,18,Poisson,0.05,0.8096471995216264,-0.44316690615037846,prosecutor,-2.073312033660442,0.2,Zayatz,0.3,0.052348685657553316,0.21413377530636382,0.13035226285425436,mushroom
9,3,0.36004295345475706,0.1,1e-07,inf,8,Poisson,0.05,1.0,-0.724163937154328,prosecutor,0.5,0.2,Zayatz,0.3,0.0914610391334475,-2.3264526304966413,0.17758576761462166,nursery
25,7,0.02113429655386151,0.1,2.244003465459942e-07,20348.497716894977,16,Poisson,0.05,0.9060085836909871,-3.0769245540017485,prosecutor,0.5,0.2,Zayatz,0.3,0.035441799472463544,0.18955839252141518,0.10343516746135013,obesity
